Constituency,Candidate,Party Name,Party,Total_Votes,%_of_Votes,Tot_Constituency_votes_polled,Tot_votes_by_parties,Winning_votes,2021 RESULTS
Alandur,T.M.Anbarasan,Dravida Munnetra Kazhagam,DMK,116785,49.12,237751,17430100,116785,WIN
Alangudi,SIVA.V.MEYYANATHAN,Dravida Munnetra Kazhagam,DMK,87935,51.17,171842,17430100,87935,WIN
Alangulam,PAUL MANOJ PANDIAN,All India Anna Dravida Munnetra Kazhagam,AIADMK,74153,36.44,203478,15390974,74153,WIN
Ambasamudram,E.SUBAYA,All India Anna Dravida Munnetra Kazhagam,AIADMK,85211,47.96,177681,15390974,85211,WIN
Ambattur,JOSEPH SAMUEL,Dravida Munnetra Kazhagam,DMK,114554,47.67,240299,17430100,114554,WIN
Ambur,VILWANATHAN.A.C,Dravida Munnetra Kazhagam,DMK,90476,50.86,177878,17430100,90476,WIN
Anaikattu,A.P.Nandakumar,Dravida Munnetra Kazhagam,DMK,95159,48.11,197805,17430100,95159,WIN
Andipatti,A.MAHARAJAN,Dravida Munnetra Kazhagam,DMK,93541,44.64,209540,17430100,93541,WIN
Anna Nagar,M.K. Mohan,Dravida Munnetra Kazhagam,DMK,80054,48.49,165096,17430100,80054,WIN
Anthiyur,VENKATACHALAM.A.G,Dravida Munnetra Kazhagam,DMK,79096,44.84,176385,17430100,79096,WIN
Arani,S.RAMACHANDRAN,All India Anna Dravida Munnetra Kazhagam,AIADMK,102961,46.5,221422,15390974,102961,WIN
Aravakurichi,ELANGO. R,Dravida Munnetra Kazhagam,DMK,93369,52.72,177114,17430100,93369,WIN
Arcot,J.L.Eswarappan,Dravida Munnetra Kazhagam,DMK,103885,49.52,209791,17430100,103885,WIN
Ariyalur,CHINNAPPA K,Dravida Munnetra Kazhagam,DMK,103975,46.16,225225,17430100,103975,WIN
Aruppukkottai,K.K.S.S.R.RAMACHANDRAN,Dravida Munnetra Kazhagam,DMK,91040,53.18,171201,17430100,91040,WIN
Athoor,PERIYASAMY I,Dravida Munnetra Kazhagam,DMK,165809,72.11,229940,17430100,165809,WIN
Attur,"JAYASANKARAN, A.P.",All India Anna Dravida Munnetra Kazhagam,AIADMK,95308,47.72,199743,15390974,95308,WIN
Avadi,Nasar S M,Dravida Munnetra Kazhagam,DMK,150287,49.94,300927,17430100,150287,WIN
Avanashi,"DHANAPAL, P",All India Anna Dravida Munnetra Kazhagam,AIADMK,117284,55.16,212627,15390974,117284,WIN
Bargur,MATHIAZHAGAN D,Dravida Munnetra Kazhagam,DMK,97256,49.17,197784,17430100,97256,WIN
Bhavani,KARUPPANAN.K.C,All India Anna Dravida Munnetra Kazhagam,AIADMK,100915,50.11,201385,15390974,100915,WIN
Bhuvanagiri,Arunmozhithevan. A,All India Anna Dravida Munnetra Kazhagam,AIADMK,96453,48.92,197165,15390974,96453,WIN
Bodinayakanur,O.PANNEERSELVAM,All India Anna Dravida Munnetra Kazhagam,AIADMK,100050,46.58,214795,15390974,100050,WIN
Chengalpattu,VARALAKSHMI.M,Dravida Munnetra Kazhagam,DMK,130573,47.64,274087,17430100,130573,WIN
Chengam,GIRI.M.P,Dravida Munnetra Kazhagam,DMK,108081,48.26,223950,17430100,108081,WIN
Chepauk-Thiruvallikeni,UDHAYANIDHI STALIN,Dravida Munnetra Kazhagam,DMK,93285,67.89,137405,17430100,93285,WIN
Cheyyar,JOTHI. O,Dravida Munnetra Kazhagam,DMK,102460,47.78,214460,17430100,102460,WIN
Coimbatore (North),AMMAN K.ARJUNAN,All India Anna Dravida Munnetra Kazhagam,AIADMK,81454,40.16,202799,15390974,81454,WIN
Coonoor,"Ramachandran, K.",Dravida Munnetra Kazhagam,DMK,61820,45.49,135908,17430100,61820,WIN
Cuddalore,G.IYAPPAN,Dravida Munnetra Kazhagam,DMK,84563,46.46,182001,17430100,84563,WIN
Cumbum,N.Ramakrishnan,Dravida Munnetra Kazhagam,DMK,104800,51.81,202275,17430100,104800,WIN
Dharapuram,KAYALVIZHI N,Dravida Munnetra Kazhagam,DMK,89986,46.39,193991,17430100,89986,WIN
Dharmapuri,VENKATESHWARAN.S.P.,Pattali Makkal Katchi,PMK,105630,48.6,217333,1758774,105630,WIN
Dr.Radhakrishnan Nagar,EBENEZER. J.J. (@)  JOHN EBENEZER.J,Dravida Munnetra Kazhagam,DMK,95763,51.2,187027,17430100,95763,WIN
Edappadi,EDAPPADI PALANISWAMI. K,All India Anna Dravida Munnetra Kazhagam,AIADMK,163154,65.97,247301,15390974,163154,WIN
Egmore,I.PARANTHAMEN,Dravida Munnetra Kazhagam,DMK,68832,57.71,119271,17430100,68832,WIN
Erode (West),Muthusamy S,Dravida Munnetra Kazhagam,DMK,100757,49.01,205579,17430100,100757,WIN
Gangavalli,"NALLATHAMBI,A.",All India Anna Dravida Munnetra Kazhagam,AIADMK,89568,48.02,186503,15390974,89568,WIN
Gingee,MASTHAN K S,Dravida Munnetra Kazhagam,DMK,109625,52.99,206880,17430100,109625,WIN
Gobichettipalayam,SENGOTTAIYAN K.A,All India Anna Dravida Munnetra Kazhagam,AIADMK,108608,50.68,214281,15390974,108608,WIN
Gudalur,PON.JAYASEELAN,All India Anna Dravida Munnetra Kazhagam,AIADMK,64496,46.65,138257,15390974,64496,WIN
Gudiyattam,Amulu.V,Dravida Munnetra Kazhagam,DMK,100412,47.45,211630,17430100,100412,WIN
Gummidipoondi,GOVINDARAJAN T.J,Dravida Munnetra Kazhagam,DMK,126452,56.94,222069,17430100,126452,WIN
Harbour,SEKARBABU. P.K,Dravida Munnetra Kazhagam,DMK,59317,58.35,101650,17430100,59317,WIN
Hosur,PRAKAASH Y,Dravida Munnetra Kazhagam,DMK,118231,47.65,248098,17430100,118231,WIN
Jayankondam,KANNAN KA SO KA,Dravida Munnetra Kazhagam,DMK,99529,46,216368,17430100,99529,WIN
Jolarpet,DEVARAJI.K.,Dravida Munnetra Kazhagam,DMK,89490,45.57,196358,17430100,89490,WIN
Kalasapakkam,Saravanan.P.S.T,Dravida Munnetra Kazhagam,DMK,94134,47.92,196434,17430100,94134,WIN
Kancheepuram,C.V.M.P. Ezhailzrasan,Dravida Munnetra Kazhagam,DMK,102712,44.77,229432,17430100,102712,WIN
Kangayam,SAMINATHAN.M.P,Dravida Munnetra Kazhagam,DMK,94197,47.14,199818,17430100,94197,WIN
Kanniyakumari,THALAVAI SUNDARAM N.,All India Anna Dravida Munnetra Kazhagam,AIADMK,109745,48.8,224874,15390974,109745,WIN
Karur,SENTHILBALAJI V,Dravida Munnetra Kazhagam,DMK,101757,49.08,207310,17430100,101757,WIN
Katpadi,DURAIMURUGAN,Dravida Munnetra Kazhagam,DMK,85140,45.71,186246,17430100,85140,WIN
Kavundampalayam,G.Arunkumar,All India Anna Dravida Munnetra Kazhagam,AIADMK,135669,43.78,309918,15390974,135669,WIN
Kilpennathur,K.Pitchandi,Dravida Munnetra Kazhagam,DMK,104675,51.34,203886,17430100,104675,WIN
Kilvaithinankuppam,M.JAGAN MOORTHY,All India Anna Dravida Munnetra Kazhagam,AIADMK,84579,48.57,174124,15390974,84579,WIN
Kinathukadavu,Damodaran.S,All India Anna Dravida Munnetra Kazhagam,AIADMK,101537,43.68,232435,15390974,101537,WIN
Kolathur,M.K. STALIN,Dravida Munnetra Kazhagam,DMK,105522,60.86,173388,17430100,105522,WIN
Krishnagiri,Ashokkumar.K,All India Anna Dravida Munnetra Kazhagam,AIADMK,96050,45.38,211648,15390974,96050,WIN
Krishnarayapuram,SIVAGAMA SUNDARI.K,Dravida Munnetra Kazhagam,DMK,96540,53.37,180902,17430100,96540,WIN
Kulithalai,R.Manickam,Dravida Munnetra Kazhagam,DMK,100829,51.06,197456,17430100,100829,WIN
Kumarapalayam,THANGAMANI.P,All India Anna Dravida Munnetra Kazhagam,AIADMK,100800,49.92,201925,15390974,100800,WIN
Kumbakonam,"ANBALAGAN, G.",Dravida Munnetra Kazhagam,DMK,96057,48.62,197564,17430100,96057,WIN
Kunnam,"SIVASANKAR, S.S.",Dravida Munnetra Kazhagam,DMK,103922,47.26,219879,17430100,103922,WIN
Kurinjipadi,M.R.K.PANNEERSELVAM,Dravida Munnetra Kazhagam,DMK,101456,51.04,198781,17430100,101456,WIN
Lalgudi,A.SOUNDARAPANDIAN,Dravida Munnetra Kazhagam,DMK,84914,48.59,174754,17430100,84914,WIN
Madathukulam,C MAHENDRAN,All India Anna Dravida Munnetra Kazhagam,AIADMK,84313,46.35,181902,15390974,84313,WIN
Madavaram,SUDHARSANAM. S,Dravida Munnetra Kazhagam,DMK,151485,50.04,302700,17430100,151485,WIN
Madurai Central,PALANIVEL THIAGA RAJAN,Dravida Munnetra Kazhagam,DMK,73205,48.99,149430,17430100,73205,WIN
Madurai East,MOORTHY P,Dravida Munnetra Kazhagam,DMK,122729,51.59,237892,17430100,122729,WIN
Madurai North,THALAPATHI G,Dravida Munnetra Kazhagam,DMK,73010,46.64,156556,17430100,73010,WIN
Madurai South,BOOMINATHAN.M,Dravida Munnetra Kazhagam,DMK,62812,42.49,147833,17430100,62812,WIN
Madurai West,RAJU. K,All India Anna Dravida Munnetra Kazhagam,AIADMK,83883,41.59,201694,15390974,83883,WIN
Madurantakam,Maragatham. K,All India Anna Dravida Munnetra Kazhagam,AIADMK,86646,46.62,185842,15390974,86646,WIN
Maduravoyal,GANAPATHY.K,Dravida Munnetra Kazhagam,DMK,121298,44.29,273870,17430100,121298,WIN
Mailam,SIVAKUMAR C,Pattali Makkal Katchi,PMK,81044,45.79,176989,1758774,81044,WIN
Manachanallur,S. KATHIRAVAN,Dravida Munnetra Kazhagam,DMK,116334,59.14,196719,17430100,116334,WIN
Manamadurai,Tamilarasi A.,Dravida Munnetra Kazhagam,DMK,89364,44.01,203061,17430100,89364,WIN
Manapparai,ABDUL SAMAD P,Dravida Munnetra Kazhagam,DMK,98077,44.23,221748,17430100,98077,WIN
Mannargudi,RAJAA T R B,Dravida Munnetra Kazhagam,DMK,87172,45.11,193229,17430100,87172,WIN
Mettuppalayam,SELVARAJ A K,All India Anna Dravida Munnetra Kazhagam,AIADMK,105231,46.75,225083,15390974,105231,WIN
Mettur,SADHASIVAM.S,Pattali Makkal Katchi,PMK,97055,44.43,218442,1758774,97055,WIN
Modakkurichi,SARASWATHI.C,Bharatiya Janata Party,BJP,78125,42.96,181857,1213510,78125,WIN
Mudhukulathur,R.S.RAJAKANNAPPAN,Dravida Munnetra Kazhagam,DMK,101901,46.06,221213,17430100,101901,WIN
Musiri,N. Thiyagarajan,Dravida Munnetra Kazhagam,DMK,90624,50.43,179706,17430100,90624,WIN
Mylapore,VELU.DHA,Dravida Munnetra Kazhagam,DMK,68392,44.58,153430,17430100,68392,WIN
Nagercoil,Gandhi M.R.,Bharatiya Janata Party,BJP,88804,48.21,184185,1213510,88804,WIN
Namakkal,RAMALINGAM P,Dravida Munnetra Kazhagam,DMK,106494,51.51,206759,17430100,106494,WIN
Nannilam,KAMARAJ R,All India Anna Dravida Munnetra Kazhagam,AIADMK,103637,46.7,221944,15390974,103637,WIN
Natham,NATHAM.R.VISWANATHAN,All India Anna Dravida Munnetra Kazhagam,AIADMK,107762,47.84,225244,15390974,107762,WIN
Neyveli,SABA.RAJENDRAN,Dravida Munnetra Kazhagam,DMK,75177,45.8,164130,17430100,75177,WIN
Nilakkottai,S.Thenmozhi,All India Anna Dravida Munnetra Kazhagam,AIADMK,91461,49.49,184805,15390974,91461,WIN
Oddanchatram,SAKKARAPANI R,Dravida Munnetra Kazhagam,DMK,109970,54.51,201756,17430100,109970,WIN
Orathanadu,"VAITHILINGAM, R.",All India Anna Dravida Munnetra Kazhagam,AIADMK,90063,46.95,191840,15390974,90063,WIN
Ottapidaram,SHUNMUGAIAH C,Dravida Munnetra Kazhagam,DMK,73110,41.11,177840,17430100,73110,WIN
Padmanabhapuram,"Mano Thangaraj, T.",Dravida Munnetra Kazhagam,DMK,87744,51.57,170156,17430100,87744,WIN
Palacode,ANBALAGAN.K.P.,All India Anna Dravida Munnetra Kazhagam,AIADMK,110070,53.28,206595,15390974,110070,WIN
Palani,SENTHIL KUMAR I.P,Dravida Munnetra Kazhagam,DMK,108566,52.86,205384,17430100,108566,WIN
Palayamkottai,ABDUL WAHAB .M,Dravida Munnetra Kazhagam,DMK,89117,55.32,161091,17430100,89117,WIN
Palladam,ANANDAN M S M,All India Anna Dravida Munnetra Kazhagam,AIADMK,126903,48.53,261511,15390974,126903,WIN
Pallavaram,KARUNANITHI,Dravida Munnetra Kazhagam,DMK,126427,47.49,266194,17430100,126427,WIN
Panruti,VELMURUGAN.T,Dravida Munnetra Kazhagam,DMK,93801,47.6,197049,17430100,93801,WIN
Papanasam,"Dr.JAWAHIRULLAH, M.H.",Dravida Munnetra Kazhagam,DMK,86567,43.95,196982,17430100,86567,WIN
Pappireddipatti,GOVINDASAMY.A,All India Anna Dravida Munnetra Kazhagam,AIADMK,114507,51.81,220994,15390974,114507,WIN
Paramakudi,MURUGESAN S,Dravida Munnetra Kazhagam,DMK,84864,46.59,182158,17430100,84864,WIN
Paramathi-Velur,SEKAR S,All India Anna Dravida Munnetra Kazhagam,AIADMK,86034,46.83,183697,15390974,86034,WIN
Pattukkottai,"ANNADURAI, K.",Dravida Munnetra Kazhagam,DMK,79065,44.62,177200,17430100,79065,WIN
Pennagaram,MANI. G.K,Pattali Makkal Katchi,PMK,106123,50.46,210305,1758774,106123,WIN
Perambalur,"PRABHAHARAN, M.",Dravida Munnetra Kazhagam,DMK,122090,50.87,240026,17430100,122090,WIN
Perambur,SHEKAR. R.D,Dravida Munnetra Kazhagam,DMK,105267,52.53,200387,17430100,105267,WIN
Peravurani,"ASHOKKUMAR, N.",Dravida Munnetra Kazhagam,DMK,89130,52.17,170850,17430100,89130,WIN
Periyakulam,K.S.SARAVANAKUMAAR,Dravida Munnetra Kazhagam,DMK,92251,45.71,201797,17430100,92251,WIN
Perundurai,"JAYAKUMAR, S.",All India Anna Dravida Munnetra Kazhagam,AIADMK,85125,44.84,189843,15390974,85125,WIN
Pollachi,Pollachi V. Jayaraman,All India Anna Dravida Munnetra Kazhagam,AIADMK,80567,45.44,177308,15390974,80567,WIN
Polur,Agri KRISHNAMURTHY. S S,All India Anna Dravida Munnetra Kazhagam,AIADMK,97732,48.38,202012,15390974,97732,WIN
Poompuhar,Nivedha M. Murugan,Dravida Munnetra Kazhagam,DMK,96102,46.24,207838,17430100,96102,WIN
Poonamallee,Krishnaswamy A,Dravida Munnetra Kazhagam,DMK,149578,56.72,263736,17430100,149578,WIN
Pudukkottai,V . MUTHURAJA,Dravida Munnetra Kazhagam,DMK,85802,47.7,179892,17430100,85802,WIN
Radhapuram,M.Appavu,Dravida Munnetra Kazhagam,DMK,82331,43.95,187310,17430100,82331,WIN
Rajapalayam,THANGAPANDIAN S.,Dravida Munnetra Kazhagam,DMK,74158,41.5,178708,17430100,74158,WIN
Ramanathapuram,KATHARBATCHA MUTHURAMALINGAM,Dravida Munnetra Kazhagam,DMK,111082,51.88,214098,17430100,111082,WIN
Ranipet,R.GANDHI,Dravida Munnetra Kazhagam,DMK,103291,49.79,207462,17430100,103291,WIN
Rasipuram,MATHIVENTHAN M,Dravida Munnetra Kazhagam,DMK,90727,46.08,196904,17430100,90727,WIN
Rishivandiyam,KARTHIKEYAN K,Dravida Munnetra Kazhagam,DMK,113912,52.96,215106,17430100,113912,WIN
Royapuram,MURTHY.R.IDREAM,Dravida Munnetra Kazhagam,DMK,64424,53.16,121191,17430100,64424,WIN
Saidapet,SUBRAMANIAN. MA,Dravida Munnetra Kazhagam,DMK,80194,50.02,160327,17430100,80194,WIN
Salem (North),R. RAJENDRAN,Dravida Munnetra Kazhagam,DMK,93432,46.17,202376,17430100,93432,WIN
Salem (South),E.BALASUBRAMANIAN,All India Anna Dravida Munnetra Kazhagam,AIADMK,97506,48.76,199982,15390974,97506,WIN
Salem (West),ARUL. R,Pattali Makkal Katchi,PMK,105483,48.69,216628,1758774,105483,WIN
Sankarankovil,RAJA E,Dravida Munnetra Kazhagam,DMK,71347,38.92,183338,17430100,71347,WIN
Sankarapuram,UDHAYASURIYAN T,Dravida Munnetra Kazhagam,DMK,121186,56.16,215802,17430100,121186,WIN
Sankari,"SUNDARARAJAN, S.",All India Anna Dravida Munnetra Kazhagam,AIADMK,115472,49.72,232247,15390974,115472,WIN
Sattur,"RAGHURAMAN,  A.R.R.",Dravida Munnetra Kazhagam,DMK,74174,38.68,191783,17430100,74174,WIN
Senthamangalam,PONNUSAMY K,Dravida Munnetra Kazhagam,DMK,90681,45.51,199235,17430100,90681,WIN
Sholavandan,VENKATESAN A,Dravida Munnetra Kazhagam,DMK,84240,48.04,175361,17430100,84240,WIN
Shozhinganallur,S.ARAVINDRAMESH,Dravida Munnetra Kazhagam,DMK,171558,44.18,388355,17430100,171558,WIN
Singanallur,"Jayaram, K.R",All India Anna Dravida Munnetra Kazhagam,AIADMK,81244,40.22,202021,15390974,81244,WIN
Sirkazhi,PANNEERSELVAM,Dravida Munnetra Kazhagam,DMK,94057,49.16,191325,17430100,94057,WIN
Srirangam,Palaniyandi.M,Dravida Munnetra Kazhagam,DMK,113904,47.41,240240,17430100,113904,WIN
Sulur,KANDASAMY V.P.,All India Anna Dravida Munnetra Kazhagam,AIADMK,118968,49.23,241653,15390974,118968,WIN
Tambaram,Raja.S.R,Dravida Munnetra Kazhagam,DMK,116840,46.93,248968,17430100,116840,WIN
Thanjavur,"NEELAMEGAM, T.K.G.",Dravida Munnetra Kazhagam,DMK,103772,53.25,194859,17430100,103772,WIN
Thiru-Vi-Ka-Nagar,SIVAKUMAR.P,Dravida Munnetra Kazhagam,DMK,81727,61.13,133696,17430100,81727,WIN
Thirumangalam,UDHAYAKUMAR R B,All India Anna Dravida Munnetra Kazhagam,AIADMK,100338,45.51,220495,15390974,100338,WIN
Thirumayam,S.REGUPATHY,Dravida Munnetra Kazhagam,DMK,71349,41,174031,17430100,71349,WIN
Thiruvaiyaru,DURAI.CHANDRASEKARAN,Dravida Munnetra Kazhagam,DMK,103210,48.82,211430,17430100,103210,WIN
Thiruvallur,"RAAJENDRAN, V.G.",Dravida Munnetra Kazhagam,DMK,107709,50.27,214243,17430100,107709,WIN
Thiruvarur,KALAIVANAN  POONDI  K.,Dravida Munnetra Kazhagam,DMK,108906,52.29,208290,17430100,108906,WIN
Thiruverumbur,ANBIL MAHESH POYYAMOZHI,Dravida Munnetra Kazhagam,DMK,105424,53.51,197013,17430100,105424,WIN
Thiruvidaimarudur,"CHEZHIAAN,  GOVI.",Dravida Munnetra Kazhagam,DMK,95763,48.26,198446,17430100,95763,WIN
Thiruvottiyur,K.P.SHANKAR,Dravida Munnetra Kazhagam,DMK,88185,44.09,199996,17430100,88185,WIN
Thiyagarayanagar,KARUNANITHI J,Dravida Munnetra Kazhagam,DMK,56035,40.57,138114,17430100,56035,WIN
Thondamuthur,S.P. VELUMANI,All India Anna Dravida Munnetra Kazhagam,AIADMK,124225,53.89,230531,15390974,124225,WIN
Thoothukkudi,P.Geetha Jeevan,Dravida Munnetra Kazhagam,DMK,92314,49,188407,17430100,92314,WIN
Thousand Lights,EZHILAN N,Dravida Munnetra Kazhagam,DMK,71867,52.87,135940,17430100,71867,WIN
Thuraiyur,S.STALINKUMAR,Dravida Munnetra Kazhagam,DMK,87786,49.91,175876,17430100,87786,WIN
Tindivanam,ARJUNAN P,All India Anna Dravida Munnetra Kazhagam,AIADMK,87152,47.74,182538,15390974,87152,WIN
Tiruchendur,Anitha R. Radhakrishnan,Dravida Munnetra Kazhagam,DMK,88274,50.58,174536,17430100,88274,WIN
Tiruchengodu,ESWARAN E R,Dravida Munnetra Kazhagam,DMK,81688,44.23,184669,17430100,81688,WIN
Tiruchirappalli (East),"INIGO IRUDAYARAJ,S.",Dravida Munnetra Kazhagam,DMK,94302,54.56,172856,17430100,94302,WIN
Tiruchirappalli (West),"Nehru, K.N.",Dravida Munnetra Kazhagam,DMK,118133,64.52,183099,17430100,118133,WIN
Tiruchuli,THANGAM THENARASU,Dravida Munnetra Kazhagam,DMK,102225,59.15,172811,17430100,102225,WIN
Tirukkoyilur,K.PONMUDY,Dravida Munnetra Kazhagam,DMK,110980,56.56,196217,17430100,110980,WIN
Tirunelveli,Nainar Nagenthran,Bharatiya Janata Party,BJP,92282,46.7,197587,1213510,92282,WIN
Tirupattur,A. NALLATHAMBI,Dravida Munnetra Kazhagam,DMK,96522,51.91,185930,17430100,96522,WIN
Tiruppattur,KR.PERIYAKARUPPAN,Dravida Munnetra Kazhagam,DMK,103682,49.19,210766,17430100,103682,WIN
Tiruppur (South),SELVARAJ. K.,Dravida Munnetra Kazhagam,DMK,75535,43.31,174418,17430100,75535,WIN
Tiruttani,S.Chandran,Dravida Munnetra Kazhagam,DMK,120314,51.72,232624,17430100,120314,WIN
Tiruvannamalai,E V VELU,Dravida Munnetra Kazhagam,DMK,137876,66.02,208836,17430100,137876,WIN
Tittakudi,"GANESAN,  C.V.",Dravida Munnetra Kazhagam,DMK,83726,49.78,168184,17430100,83726,WIN
Ulundurpettai,MANIKANNAN A J,Dravida Munnetra Kazhagam,DMK,115451,47.15,244853,17430100,115451,WIN
Usilampatti,AYYAPPAN P,All India Anna Dravida Munnetra Kazhagam,AIADMK,71255,33.53,212513,15390974,71255,WIN
Uthiramerur,SUNDAR K,Dravida Munnetra Kazhagam,DMK,93427,44.38,210529,17430100,93427,WIN
Vandavasi,Ambethkumar S,Dravida Munnetra Kazhagam,DMK,102064,54.88,185974,17430100,102064,WIN
Vasudevanallur,"SADHAN THIRUMALAIKUMAR, DOCTOR.T",Dravida Munnetra Kazhagam,DMK,68730,39.08,175881,17430100,68730,WIN
Vedaranyam,O.S.MANIAN,All India Anna Dravida Munnetra Kazhagam,AIADMK,78719,49.8,158060,15390974,78719,WIN
Vedasandur,GANDHIRAJAN S,Dravida Munnetra Kazhagam,DMK,106481,49.97,213080,17430100,106481,WIN
Veerapandi,"RAJAMUTHU, M.",All India Anna Dravida Munnetra Kazhagam,AIADMK,111682,49.92,223702,15390974,111682,WIN
Vellore,Karthikeyan .P,Dravida Munnetra Kazhagam,DMK,84299,46.86,179899,17430100,84299,WIN
Veppanahalli,K.P.Munusamy,All India Anna Dravida Munnetra Kazhagam,AIADMK,94104,45.87,205141,15390974,94104,WIN
Vikravandi,PUGAZHENTHI N,Dravida Munnetra Kazhagam,DMK,93730,48.41,193617,17430100,93730,WIN
Vilathikulam,MARKANDAYAN V,Dravida Munnetra Kazhagam,DMK,90348,54.05,167169,17430100,90348,WIN
Villivakkam,A . Vetriazhagan,Dravida Munnetra Kazhagam,DMK,76127,52.83,144092,17430100,76127,WIN
Villupuram,LAKSHMANAN R,Dravida Munnetra Kazhagam,DMK,102271,49.92,204860,17430100,102271,WIN
Viralimalai,VIJAYA BASKER C,All India Anna Dravida Munnetra Kazhagam,AIADMK,102179,52.83,193423,15390974,102179,WIN
Virudhunagar,SEENIVASAN A.R.R,Dravida Munnetra Kazhagam,DMK,73297,45.32,161717,17430100,73297,WIN
Virugampakkam,AMV.PRABHAKARA RAJA,Dravida Munnetra Kazhagam,DMK,74351,43.97,169087,17430100,74351,WIN
Yercaud,G. Chitra,All India Anna Dravida Munnetra Kazhagam,AIADMK,121561,50.88,238924,15390974,121561,WIN
Arakkonam,S.RAVI,All India Anna Dravida Munnetra Kazhagam,AIADMK,85399,49.82,171412,15390974,85399,WIN
Aranthangi,RAMACHANDRAN T,Indian National Congress,INC,81835,48.7,168048,1976527,81835,WIN
Bhavanisagar,A.Bannari,All India Anna Dravida Munnetra Kazhagam,AIADMK,99181,49.45,200567,15390974,99181,WIN
Cheyyur,Babu M,Viduthalai Chiruthaigal Katchi,VCK,82750,46.2,179120,457763,82750,WIN
Chidambaram,K.A. PANDIAN,All India Anna Dravida Munnetra Kazhagam,AIADMK,91961,50.16,183352,15390974,91961,WIN
Dindigul,SREENIVASAN.C,All India Anna Dravida Munnetra Kazhagam,AIADMK,90595,46.43,195118,15390974,90595,WIN
Erode (East),"THIRUMAHAN EVERAA,E.",Indian National Congress,INC,67300,44.27,152037,1976527,67300,WIN
Gandarvakkottai,M.Chinnadurai,Communist Party of India  (Marxist),CPIM,69710,44.23,157620,390819,69710,WIN
Harur,SAMPATHKUMAR.V,All India Anna Dravida Munnetra Kazhagam,AIADMK,99061,49.89,198565,15390974,99061,WIN
Kadayanallur,C.KRISHNAMURALI,All India Anna Dravida Munnetra Kazhagam,AIADMK,88474,43.08,205374,15390974,88474,WIN
Kallakurichi,Senthilkumar.M,All India Anna Dravida Munnetra Kazhagam,AIADMK,110643,48.99,225858,15390974,110643,WIN
Kattumannarkoil,SINTHANAI SELVAN,Viduthalai Chiruthaigal Katchi,VCK,86056,49.02,175561,457763,86056,WIN
Killiyoor,RAJESH KUMAR  S,Indian National Congress,INC,101541,59.76,169918,1976527,101541,WIN
Kovilpatti,KADAMBUR RAJU,All India Anna Dravida Munnetra Kazhagam,AIADMK,68556,37.89,180928,15390974,68556,WIN
Melur,PERIYAPULLAN @ SELVAM  P.,All India Anna Dravida Munnetra Kazhagam,AIADMK,83344,45.6,182782,15390974,83344,WIN
Nagapattinam,J. Mohamed Shanavas,Viduthalai Chiruthaigal Katchi,VCK,66281,46.17,143560,457763,66281,WIN
Nanguneri,RUBY R MANOHARAN,Indian National Congress,INC,75902,39.43,192522,1976527,75902,WIN
Omalur,R.MANI,All India Anna Dravida Munnetra Kazhagam,AIADMK,142488,57.22,249027,15390974,142488,WIN
Ponneri,DURAI. CHANDRASEKAR,Indian National Congress,INC,94528,44.94,210354,1976527,94528,WIN
Sivaganga,PR. Senthilnathan,All India Anna Dravida Munnetra Kazhagam,AIADMK,82153,40.66,202044,15390974,82153,WIN
Sivakasi,Ashokan.G,Indian National Congress,INC,78947,42.66,185047,1976527,78947,WIN
Sriperumbudur,SELVAPERUNTHAGAI,Indian National Congress,INC,115353,43.65,264262,1976527,115353,WIN
Srivaikuntam,Amirtharaj .S,Indian National Congress,INC,76843,46.75,164386,1976527,76843,WIN
Srivilliputhur,"MANRAJ, E.M.",All India Anna Dravida Munnetra Kazhagam,AIADMK,70475,38.09,185039,15390974,70475,WIN
Tenkasi,PALANI NADAR.S,Indian National Congress,INC,89315,41.71,214108,1976527,89315,WIN
Thiruparankundram,"RAJANCHELLAPPA, V.V.",All India Anna Dravida Munnetra Kazhagam,AIADMK,103683,43.96,235849,15390974,103683,WIN
Thiruthuraipoondi,MARIMUTHU K,Communist Party of India,CPI,97092,52.23,185886,504537,97092,WIN
Tiruppur (North),VIJEYAKUMAR.K.N,All India Anna Dravida Munnetra Kazhagam,AIADMK,113384,47.62,238092,15390974,113384,WIN
Tiruvadanai,KARUMANICKAM,Indian National Congress,INC,79364,39.33,201815,1976527,79364,WIN
Udumalaipettai,"Radhakrishnan,K.",All India Anna Dravida Munnetra Kazhagam,AIADMK,96893,49.85,194358,15390974,96893,WIN
Uthangarai,T.M.TAMILSELVAM,All India Anna Dravida Munnetra Kazhagam,AIADMK,99675,52.96,188223,15390974,99675,WIN
Valparai,AMULKANDASAMI T K,All India Anna Dravida Munnetra Kazhagam,AIADMK,71672,49.37,145172,15390974,71672,WIN
Vaniyambadi,G.SENDHIL KUMAR,All India Anna Dravida Munnetra Kazhagam,AIADMK,88018,46.33,189997,15390974,88018,WIN
Vanur,CHAKRAPANI M,All India Anna Dravida Munnetra Kazhagam,AIADMK,92219,50.61,182208,15390974,92219,WIN
Velachery,JMH.AASSAN MAULAANA,Indian National Congress,INC,68493,38.76,176714,1976527,68493,WIN
Mayiladuthurai,Rajakumar.S,Indian National Congress,INC,73642,42.17,174640,1976527,73642,WIN
Vriddhachalam,Radhakrishnan,Indian National Congress,INC,77064,39.17,196734,1976527,77064,WIN
Coimbatore (South),VANATHI SRINIVASAN,Bharatiya Janata Party,BJP,53209,34.38,154765,1213510,53209,WIN
Colachal,Prince J.G.,Indian National Congress,INC,90681,49.56,182969,1976527,90681,WIN
Karaikudi,S.Mangudi,Indian National Congress,INC,75954,35.75,212456,1976527,75954,WIN
Kilvelur,NAGAIMAALI V P,Communist Party of India  (Marxist),CPIM,67988,47.55,142995,390819,67988,WIN
Sholinghur,A.M.MUNIRATHINAM,Indian National Congress,INC,110228,49.18,224109,1976527,110228,WIN
Thalli,RAMACHANDRAN.T,Communist Party of India,CPI,120641,62.18,194022,504537,120641,WIN
Thiruporur,S.S.Balaji,Viduthalai Chiruthaigal Katchi,VCK,93954,41.44,226729,457763,93954,WIN
Udhagamandalam,"GANESH, R.",Indian National Congress,INC,65530,46.44,141102,1976527,65530,WIN
Vilavancode,VIJAYADHARANI S,Indian National Congress,INC,87473,52.12,167836,1976527,87473,WIN
